{
  "convergence_cohesive_energy": {
    "output_parameters": {
      "ecutrho": [
        240.0,
        280.0,
        320.0,
        480.0
      ],
      "ecutwfc": [
        30.0,
        35.0,
        40.0,
        60.0
      ],
      "absolute_diff": [
        -0.0799909909997,
        -0.0370446249999,
        -0.0014676460001,
        0.0
      ],
      "absolute_unit": "eV/atom",
      "relative_diff": [
        2.5410377327094,
        1.1767798941154,
        0.04662204853204,
        0.0
      ],
      "relative_unit": "%",
      "cohesive_energy_per_atom": [
        -3.2279564843893,
        -3.1850101183895,
        -3.1494331393897,
        -3.1479654933896
      ]
    }
  },
  "convergence_phonon_frequencies": {
    "output_parameters": {
      "ecutrho": [
        240.0,
        280.0,
        320.0,
        480.0
      ],
      "ecutwfc": [
        30.0,
        35.0,
        40.0,
        60.0
      ],
      "absolute_diff": [
        9.5287136666667,
        -1.1096156666667,
        -2.3096556666667,
        0.0
      ],
      "absolute_unit": "cm-1",
      "relative_diff": [
        11.022523781765,
        1.2337694246523,
        3.9694599122194,
        0.0
      ],
      "relative_unit": "%",
      "absolute_max_diff": [
        18.360035,
        -0.384341,
        -1.827977,
        0.0
      ],
      "relative_max_diff": [
        13.481627378237,
        -0.71850680190527,
        -1.3422689428417,
        0.0
      ]
    }
  },
  "convergence_pressure": {
    "output_parameters": {
      "ecutrho": [
        240.0,
        280.0,
        320.0,
        480.0
      ],
      "ecutwfc": [
        30.0,
        35.0,
        40.0,
        60.0
      ],
      "pressure": [
        -114.58218604584,
        -32.763237631022,
        -7.7948026023373,
        -0.74905893506269
      ],
      "absolute_diff": [
        113.83312711078,
        32.014178695959,
        7.0457436672746,
        0.0
      ],
      "absolute_unit": "GPascal",
      "relative_diff": [
        27.411744830095,
        13.784405061634,
        4.3276814923454,
        0.0
      ],
      "relative_unit": "%"
    }
  },
  "delta_factor": {
    "output_birch_murnaghan_fit": {
      "energy0": -3708.511977,
      "volume0": 17.6753866,
      "residuals0": 0,
      "bulk_deriv0": 10.0598477,
      "volume0_unit": "A^3/atom",
      "bulk_modulus0": 1272.4572512,
      "bulk_modulus0_unit": "GPa"
    },
    "output_delta_factor": {
      "delta": 100.56799640133,
      "delta1": 23.981791606592,
      "delta_unit": "meV/atom",
      "delta_relative": 160.85418836826,
      "delta_relative_unit": "%",
      "birch_murnaghan_results": [
        17.6753866,
        1272.4572512,
        10.0598477
      ],
      "reference_wien2k_V0_B0_B1": [
        17.9745,
        139.109,
        5.76
      ]
    },
    "output_volume_energy": {
      "volumes": {
        "0": 17.454193639874,
        "1": 17.817822673408,
        "2": 18.181451708005,
        "3": 18.545080742498,
        "4": 18.908709776516
      },
      "energies": {
        "0": -3708.4791668283,
        "1": -3708.5972398783,
        "2": -3708.3186929665,
        "3": -3708.4692352515,
        "4": -3708.22130567
      },
      "energy_unit": "eV/atom",
      "volume_unit": "A^3/atom"
    }
  },
  "pseudo_info": {
    "element": "Au",
    "pp_type": "NC",
    "z_valence": 19
  }
}
