{
  "convergence_cohesive_energy": {
    "output_parameters": {
      "ecutrho": [
        240.0,
        280.0,
        320.0,
        480.0
      ],
      "ecutwfc": [
        30.0,
        35.0,
        40.0,
        60.0
      ],
      "absolute_diff": [
        -0.0799912631,
        -0.0370447610999,
        -0.0014677819999998,
        0.0
      ],
      "absolute_unit": "eV/atom",
      "relative_diff": [
        2.5410464861763,
        1.1767842683827,
        0.046626370793891,
        0.0
      ],
      "relative_unit": "%",
      "cohesive_energy_per_atom": [
        -3.2279566204897,
        -3.1850101184896,
        -3.1494331393897,
        -3.1479653573897
      ]
    }
  },
  "convergence_phonon_frequencies": {
    "output_parameters": {
      "ecutrho": [
        240.0,
        280.0,
        320.0,
        480.0
      ],
      "ecutwfc": [
        30.0,
        35.0,
        40.0,
        60.0
      ],
      "absolute_diff": [
        9.5288033333333,
        -1.109505,
        -2.3096293333333,
        0.0
      ],
      "absolute_unit": "cm-1",
      "relative_diff": [
        11.022609537224,
        1.2336463944094,
        3.9694535595827,
        0.0
      ],
      "relative_unit": "%",
      "absolute_max_diff": [
        18.3603,
        -0.38433800000001,
        -1.827898,
        0.0
      ],
      "relative_max_diff": [
        13.481832162215,
        -0.71850120698326,
        -1.3422119489142,
        0.0
      ]
    }
  },
  "convergence_pressure": {
    "output_parameters": {
      "ecutrho": [
        240.0,
        280.0,
        320.0,
        480.0
      ],
      "ecutwfc": [
        30.0,
        35.0,
        40.0,
        60.0
      ],
      "pressure": [
        -114.58218604584,
        -32.763237631022,
        -7.7948026023373,
        -0.74905893506269
      ],
      "absolute_diff": [
        113.83312711078,
        32.014178695959,
        7.0457436672746,
        0.0
      ],
      "absolute_unit": "GPascal",
      "relative_diff": [
        27.411999540027,
        13.784499878138,
        4.3276935715619,
        1.5695443992354e-13
      ],
      "relative_unit": "%"
    }
  },
  "delta_factor": {
    "output_birch_murnaghan_fit": {
      "energy0": -3708.5119798,
      "volume0": 17.6753866,
      "residuals0": 0,
      "bulk_deriv0": 10.0598478,
      "volume0_unit": "A^3/atom",
      "bulk_modulus0": 1272.4572526,
      "bulk_modulus0_unit": "GPa"
    },
    "output_delta_factor": {
      "delta": 100.56792713039,
      "delta1": 23.98177506422,
      "delta_unit": "meV/atom",
      "delta_relative": 160.85411340661,
      "delta_relative_unit": "%",
      "birch_murnaghan_results": [
        17.6753866,
        1272.4572526,
        10.0598478
      ],
      "reference_wien2k_V0_B0_B1": [
        17.9745,
        139.109,
        5.76
      ]
    },
    "output_volume_energy": {
      "volumes": {
        "0": 17.454193639874,
        "1": 17.817822673408,
        "2": 18.181451708005,
        "3": 18.545080742498,
        "4": 18.908709776516
      },
      "energies": {
        "0": -3708.4791695492,
        "1": -3708.5972425992,
        "2": -3708.3186956875,
        "3": -3708.4692379725,
        "4": -3708.2213083913
      },
      "energy_unit": "eV/atom",
      "volume_unit": "A^3/atom"
    }
  },
  "pseudo_info": {
    "element": "Au",
    "pp_type": "NC",
    "z_valence": 19
  }
}
