{
  "convergence_cohesive_energy": {
    "output_parameters": {
      "ecutrho": [
        240.0,
        280.0,
        320.0,
        480.0
      ],
      "ecutwfc": [
        30.0,
        35.0,
        40.0,
        60.0
      ],
      "absolute_diff": [
        -0.0026189595000998,
        0.00097348719980017,
        -0.0024105203999998,
        0.0
      ],
      "absolute_unit": "eV/atom",
      "relative_diff": [
        0.082507214995033,
        0.030668560428584,
        0.075940588193561,
        0.0
      ],
      "relative_unit": "%",
      "cohesive_energy_per_atom": [
        -3.1768377235894,
        -3.1732452768895,
        -3.1766292844893,
        -3.1742187640893
      ]
    }
  },
  "convergence_phonon_frequencies": {
    "output_parameters": {
      "ecutrho": [
        240.0,
        280.0,
        320.0,
        480.0
      ],
      "ecutwfc": [
        30.0,
        35.0,
        40.0,
        60.0
      ],
      "absolute_diff": [
        0.023785999999996,
        -0.17186666666666,
        0.25786033333334,
        0.0
      ],
      "absolute_unit": "cm-1",
      "relative_diff": [
        0.044568379108296,
        0.29197726319951,
        0.38127859284679,
        0.0
      ],
      "relative_unit": "%",
      "absolute_max_diff": [
        0.095473999999996,
        -0.14190199999999,
        0.30442500000001,
        0.0
      ],
      "relative_max_diff": [
        0.070280631901452,
        -0.1044573625079,
        0.43926178448503,
        0.0
      ]
    }
  },
  "convergence_pressure": {
    "output_parameters": {
      "ecutrho": [
        240.0,
        280.0,
        320.0,
        480.0
      ],
      "ecutwfc": [
        30.0,
        35.0,
        40.0,
        60.0
      ],
      "pressure": [
        -1.0131125070261,
        -1.0310593236163,
        -1.0212032849971,
        -1.0395914167494
      ],
      "absolute_diff": [
        0.0264789097233,
        0.0085320931331001,
        0.0183881317523,
        0.0
      ],
      "absolute_unit": "GPascal",
      "relative_diff": [
        0.018751147799357,
        0.0060446835407335,
        0.013024201405879,
        1.9686390522094e-13
      ],
      "relative_unit": "%"
    }
  },
  "delta_factor": {
    "output_birch_murnaghan_fit": {
      "energy0": -1564.1326582,
      "volume0": 17.9487998,
      "residuals0": 0,
      "bulk_deriv0": 12.2756915,
      "volume0_unit": "A^3/atom",
      "bulk_modulus0": 193.7398152,
      "bulk_modulus0_unit": "GPa"
    },
    "output_delta_factor": {
      "delta": 5.2942967159777,
      "delta1": 5.3133238275629,
      "delta_unit": "meV/atom",
      "delta_relative": 34.243830225773,
      "delta_relative_unit": "%",
      "birch_murnaghan_results": [
        17.9487998,
        193.7398152,
        12.2756915
      ],
      "reference_wien2k_V0_B0_B1": [
        17.9745,
        139.109,
        5.76
      ]
    },
    "output_volume_energy": {
      "volumes": {
        "0": 17.454193639874,
        "1": 17.817822673408,
        "2": 18.181451708005,
        "3": 18.545080742498,
        "4": 18.908709776516
      },
      "energies": {
        "0": -1564.122563448,
        "1": -1564.1353870846,
        "2": -1564.1256898999,
        "3": -1564.1260037152,
        "4": -1564.1072588816
      },
      "energy_unit": "eV/atom",
      "volume_unit": "A^3/atom"
    }
  },
  "pseudo_info": {
    "element": "Au",
    "pp_type": "US",
    "z_valence": 11
  }
}
