{
  "convergence_cohesive_energy": {
    "output_parameters": {
      "ecutrho": [
        240.0,
        280.0,
        320.0,
        480.0
      ],
      "ecutwfc": [
        30.0,
        35.0,
        40.0,
        60.0
      ],
      "absolute_diff": [
        0.00063667838000026,
        0.00020673849989983,
        0.00026776003990037,
        0.0
      ],
      "absolute_unit": "eV/atom",
      "relative_diff": [
        0.011959751298751,
        0.003883500870059,
        0.0050297663397187,
        0.0
      ],
      "relative_unit": "%",
      "cohesive_energy_per_atom": [
        -5.3228718469751,
        -5.3233017868552,
        -5.3232407653152,
        -5.3235085253551
      ]
    }
  },
  "convergence_phonon_frequencies": {
    "output_parameters": {
      "ecutrho": [
        240.0,
        280.0,
        320.0,
        480.0
      ],
      "ecutwfc": [
        30.0,
        35.0,
        40.0,
        60.0
      ],
      "absolute_diff": [
        -0.35473816666668,
        -0.32842183333333,
        0.06695783333334,
        0.0
      ],
      "absolute_unit": "cm-1",
      "relative_diff": [
        0.39417635662387,
        0.36635875241324,
        0.093506085341566,
        0.0
      ],
      "relative_unit": "%",
      "absolute_max_diff": [
        -0.14209300000005,
        -0.13762099999997,
        0.175321,
        0.0
      ],
      "relative_max_diff": [
        -0.033379104980625,
        -0.028703952901458,
        0.16220823697648,
        0.0
      ]
    }
  },
  "convergence_pressure": {
    "output_parameters": {
      "ecutrho": [
        240.0,
        280.0,
        320.0,
        480.0
      ],
      "ecutwfc": [
        30.0,
        35.0,
        40.0,
        60.0
      ],
      "pressure": [
        0.57086567962816,
        0.58405609947183,
        0.58283022402167,
        0.58665495542616
      ],
      "absolute_diff": [
        0.015789275798,
        0.00259885595433,
        0.00382473140449,
        0.0
      ],
      "absolute_unit": "GPascal",
      "relative_diff": [
        0.017650750648447,
        0.002906379524849,
        0.0042771583968024,
        0.0
      ],
      "relative_unit": "%"
    }
  },
  "delta_factor": {
    "output_birch_murnaghan_fit": {
      "energy0": -635.6450748,
      "volume0": 20.6122538,
      "residuals0": 0,
      "bulk_deriv0": 3.4537947,
      "volume0_unit": "A^3/atom",
      "bulk_modulus0": 89.5094547,
      "bulk_modulus0_unit": "GPa"
    },
    "output_delta_factor": {
      "delta": 2.9863598770637,
      "delta1": 4.9011278675142,
      "delta_unit": "meV/atom",
      "delta_relative": 32.057746915785,
      "delta_relative_unit": "%",
      "birch_murnaghan_results": [
        20.6122538,
        89.5094547,
        3.4537947
      ],
      "reference_wien2k_V0_B0_B1": [
        20.453,
        88.545,
        4.31
      ]
    },
    "output_volume_energy": {
      "volumes": {
        "0": 19.62813690628,
        "1": 20.037056425039,
        "2": 20.445975943997,
        "3": 20.854895463121,
        "4": 21.263814981986
      },
      "energies": {
        "0": -635.6309281355,
        "1": -635.6405560672,
        "2": -635.6444480433,
        "3": -635.64446409805,
        "4": -635.63953645665
      },
      "energy_unit": "eV/atom",
      "volume_unit": "A^3/atom"
    }
  },
  "pseudo_info": {
    "element": "Si",
    "pp_type": "PAW",
    "z_valence": 4,
    "label": "psl(paw)/v1.0(z=4)"
  }
}
