{
  "convergence_cohesive_energy": {
    "output_parameters": {
      "ecutrho": [
        240.0,
        280.0,
        320.0,
        480.0
      ],
      "ecutwfc": [
        30.0,
        35.0,
        40.0,
        60.0
      ],
      "absolute_diff": [
        0.0077007534849995,
        0.0044611702549995,
        0.0022162991449992,
        0.0
      ],
      "absolute_unit": "eV/atom",
      "relative_diff": [
        0.14509594131549,
        0.084056410684837,
        0.041759031931977,
        0.0
      ],
      "relative_unit": "%",
      "cohesive_energy_per_atom": [
        -5.2996520333551,
        -5.3028916165851,
        -5.3051364876951,
        -5.3073527868401
      ]
    }
  },
  "convergence_phonon_frequencies": {
    "output_parameters": {
      "ecutrho": [
        240.0,
        280.0,
        320.0,
        480.0
      ],
      "ecutwfc": [
        30.0,
        35.0,
        40.0,
        60.0
      ],
      "absolute_diff": [
        0.42632716666668,
        -0.0036008333333181,
        0.26528366666666,
        0.0
      ],
      "absolute_unit": "cm-1",
      "relative_diff": [
        0.17979404774928,
        0.18824042369297,
        0.12146158108813,
        0.0
      ],
      "relative_unit": "%",
      "absolute_max_diff": [
        0.85756100000003,
        0.23908600000004,
        0.46897100000001,
        0.0
      ],
      "relative_max_diff": [
        0.26773872263193,
        0.056370161607927,
        0.19804125569193,
        0.0
      ]
    }
  },
  "convergence_pressure": {
    "output_parameters": {
      "ecutrho": [
        240.0,
        280.0,
        320.0,
        480.0
      ],
      "ecutwfc": [
        30.0,
        35.0,
        40.0,
        60.0
      ],
      "pressure": [
        0.88115927357139,
        0.87125419993413,
        0.8765499818788,
        0.89881188005362
      ],
      "absolute_diff": [
        0.01765260648223,
        0.02755768011949,
        0.02226189817482,
        0.0
      ],
      "absolute_unit": "GPascal",
      "relative_diff": [
        0.020047769274988,
        0.031287596827461,
        0.025279005954846,
        0.0
      ],
      "relative_unit": "%"
    }
  },
  "delta_factor": {
    "output_birch_murnaghan_fit": {
      "energy0": -107.1240993,
      "volume0": 20.749824,
      "residuals0": 0,
      "bulk_deriv0": 2.40844,
      "volume0_unit": "A^3/atom",
      "bulk_modulus0": 89.6217532,
      "bulk_modulus0_unit": "GPa"
    },
    "output_delta_factor": {
      "delta": 5.4790266075018,
      "delta1": 8.9563489654056,
      "delta_unit": "meV/atom",
      "delta_relative": 57.991835388799,
      "delta_relative_unit": "%",
      "birch_murnaghan_results": [
        20.749824,
        89.6217532,
        2.40844
      ],
      "reference_wien2k_V0_B0_B1": [
        20.453,
        88.545,
        4.31
      ]
    },
    "output_volume_energy": {
      "volumes": {
        "0": 19.62813690628,
        "1": 20.037056425039,
        "2": 20.445975943997,
        "3": 20.854895463121,
        "4": 21.263814981986
      },
      "energies": {
        "0": -107.10597829095,
        "1": -107.11730366874,
        "2": -107.12231899882,
        "3": -107.1243120966,
        "4": -107.12054202746
      },
      "energy_unit": "eV/atom",
      "volume_unit": "A^3/atom"
    }
  },
  "pseudo_info": {
    "element": "Si",
    "pp_type": "NC",
    "z_valence": 4,
    "label": "sg15/v1.0(z=4)"
  }
}
