{
  "convergence_cohesive_energy": {
    "output_parameters": {
      "ecutrho": [
        240.0,
        280.0,
        320.0,
        480.0
      ],
      "ecutwfc": [
        30.0,
        35.0,
        40.0,
        60.0
      ],
      "absolute_diff": [
        0.00064756289499979,
        0.00021150046999985,
        0.00027177368999975,
        0.0
      ],
      "absolute_unit": "eV/atom",
      "relative_diff": [
        0.01216507538451,
        0.0039732343858402,
        0.0051055232656195,
        0.0
      ],
      "relative_unit": "%",
      "cohesive_energy_per_atom": [
        -5.3224834045001,
        -5.3229194669251,
        -5.3228591937051,
        -5.3231309673951
      ]
    }
  },
  "convergence_phonon_frequencies": {
    "output_parameters": {
      "ecutrho": [
        240.0,
        280.0,
        320.0,
        480.0
      ],
      "ecutwfc": [
        30.0,
        35.0,
        40.0,
        60.0
      ],
      "absolute_diff": [
        -0.34826950000001,
        -0.32796683333334,
        0.070884499999996,
        0.0
      ],
      "absolute_unit": "cm-1",
      "relative_diff": [
        0.38729561740731,
        0.36803322862876,
        0.097250618970507,
        0.0
      ],
      "relative_unit": "%",
      "absolute_max_diff": [
        -0.14921199999998,
        -0.13747999999998,
        0.185208,
        0.0
      ],
      "relative_max_diff": [
        -0.031965224624844,
        -0.028668026259833,
        0.17142536944043,
        0.0
      ]
    }
  },
  "convergence_pressure": {
    "output_parameters": {
      "ecutrho": [
        240.0,
        280.0,
        320.0,
        480.0
      ],
      "ecutwfc": [
        30.0,
        35.0,
        40.0,
        60.0
      ],
      "pressure": [
        0.58395802943582,
        0.59660906408142,
        0.59234301751488,
        0.5988646749097
      ],
      "absolute_diff": [
        0.01490664547388,
        0.00225561082828,
        0.0065216573948199,
        0.0
      ],
      "absolute_unit": "GPascal",
      "relative_diff": [
        0.016697934207496,
        0.0025276052873045,
        0.0073071552963389,
        6.9043781488895e-14
      ],
      "relative_unit": "%"
    }
  },
  "delta_factor": {
    "output_birch_murnaghan_fit": {
      "energy0": -155.2727167,
      "volume0": 20.6170307,
      "residuals0": 0,
      "bulk_deriv0": 3.4548263,
      "volume0_unit": "A^3/atom",
      "bulk_modulus0": 89.3559077,
      "bulk_modulus0_unit": "GPa"
    },
    "output_delta_factor": {
      "delta": 3.0734163139081,
      "delta1": 5.0477687050216,
      "delta_unit": "meV/atom",
      "delta_relative": 33.005038036797,
      "delta_relative_unit": "%",
      "birch_murnaghan_results": [
        20.6170307,
        89.3559077,
        3.4548263
      ],
      "reference_wien2k_V0_B0_B1": [
        20.453,
        88.545,
        4.31
      ]
    },
    "output_volume_energy": {
      "volumes": {
        "0": 19.62813690628,
        "1": 20.037056425039,
        "2": 20.445975943997,
        "3": 20.854895463121,
        "4": 21.263814981986
      },
      "energies": {
        "0": -155.25845521981,
        "1": -155.26812818634,
        "2": -155.27206751029,
        "3": -155.27213846398,
        "4": -155.26726715014
      },
      "energy_unit": "eV/atom",
      "volume_unit": "A^3/atom"
    }
  },
  "pseudo_info": {
    "element": "Si",
    "pp_type": "USPP",
    "z_valence": 4
  }
}
